{"branches": 53.333333333333336, "coverage": 84.12017167381974}