{"branches": 33.33333333333333, "coverage": 63.73390557939914}