{"branches": 15.789473684210526, "coverage": 34.10714285714286}